,reportedEPS,estimatedEPS,surprise,surprisePercentage,Quarter
0,0.08,0.08,0,0,2024Q1
1,0.07,0.06,0.01,16.6667,2023Q4
2,0.05,0.05,0,0,2023Q3
3,0.05,0.04,0.01,25,2023Q2
4,0.04,0.03,0.01,33.3333,2023Q1
5,0.01,0.02,-0.01,-50,2022Q4
6,-0.01,0.03,-0.04,-133.3333,2022Q3
7,0.02,0.04,-0.02,-50,2022Q2
8,0.02,0.04,-0.02,-50,2022Q1
9,0.04,0.04,0,0,2021Q4
10,0.04,0.04,0,0,2021Q3
11,0.04,0.04,0,0,2021Q2
12,0.06,0.02,0.04,200,2021Q1
13,0.09,0.02,0.07,350,2020Q4
14,0.01,0,0.01,None,2020Q3
